{
    "name": "naked68choc",
    "vendorId": "0xFEED",
    "productId": "0x0000",
    "matrix": {
        "rows": 5,
        "cols": 15
    },
    "layouts": {
        "labels": [
            [
                "Layout",
                "LAYOUT"
            ]
        ],
        "keymap": [
            [
                {
                    "x": 1.5,
                    "y": 0.1100000000000001
                },
                "0,0\n\n\n0,0",
                "0,1\n\n\n0,0",
                {
                    "x": 9.25
                },
                "0,11\n\n\n0,0",
                "0,12\n\n\n0,0",
                "0,13\n\n\n0,0",
                {
                    "x": 0.75
                },
                "0,14\n\n\n0,0"
            ],
            [
                {
                    "x": 1,
                    "w": 1.25
                },
                "1,0\n\n\n0,0",
                "1,1\n\n\n0,0",
                {
                    "x": 9.75
                },
                "1,11\n\n\n0,0",
                "1,12\n\n\n0,0",
                "1,13\n\n\n0,0",
                {
                    "w": 1.5
                },
                "1,14\n\n\n0,0"
            ],
            [
                {
                    "x": 0.5,
                    "w": 1.5
                },
                "2,0\n\n\n0,0",
                "2,1\n\n\n0,0",
                {
                    "x": 10.25
                },
                "2,11\n\n\n0,0",
                "2,12\n\n\n0,0",
                "2,13\n\n\n0,0",
                {
                    "w": 1.25
                },
                "2,14\n\n\n0,0"
            ],
            [
                {
                    "w": 1.75
                },
                "3,0\n\n\n0,0",
                "3,1\n\n\n0,0",
                {
                    "x": 10.75
                },
                "3,11\n\n\n0,0",
                "3,12\n\n\n0,0",
                "3,13\n\n\n0,0",
                "3,14\n\n\n0,0"
            ],
            [
                {
                    "x": 7.630000000000001,
                    "y": -0.5
                },
                "2,6\n\n\n0,0"
            ],
            [
                {
                    "x": 0.25,
                    "y": -0.5,
                    "w": 1.25
                },
                "4,0\n\n\n0,0",
                "4,1\n\n\n0,0",
                {
                    "x": 12
                },
                "4,12\n\n\n0,0",
                "4,13\n\n\n0,0",
                "4,14\n\n\n0,0"
            ],
            [
                {
                    "r": 15,
                    "rx": 3.797667674420164,
                    "ry": 0
                },
                "0,2\n\n\n0,0"
            ],
            [
                {
                    "r": 15,
                    "rx": 4.7635935007092325,
                    "ry": 0.2588190451025203
                },
                "0,3\n\n\n0,0"
            ],
            [
                {
                    "r": -15,
                    "rx": 11.486406499290768,
                    "ry": 0.25881904510252074
                },
                "0,10\n\n\n0,0"
            ],
            [
                {
                    "r": 15,
                    "rx": 5.729519326998302,
                    "ry": 0.5176380902050415
                },
                "0,4\n\n\n0,0"
            ],
            [
                {
                    "r": -15,
                    "rx": 10.520480673001698,
                    "ry": 0.5176380902050415
                },
                "0,9\n\n\n0,0"
            ],
            [
                {
                    "r": 15,
                    "rx": 6.69544515328737,
                    "ry": 0.7764571353075622
                },
                "0,5\n\n\n0,0"
            ],
            [
                {
                    "r": -15,
                    "rx": 9.55455484671263,
                    "ry": 0.7764571353075622
                },
                "0,8\n\n\n0,0"
            ],
            [
                {
                    "r": 15,
                    "rx": 3.547667674420164,
                    "ry": 1
                },
                "1,2\n\n\n0,0"
            ],
            [
                {
                    "r": -15,
                    "rx": 8.588629020423562,
                    "ry": 1.035276180410083
                },
                "0,7\n\n\n0,0"
            ],
            [
                {
                    "r": 15,
                    "rx": 4.5135935007092325,
                    "ry": 1.2588190451025207
                },
                "1,3\n\n\n0,0"
            ],
            [
                {
                    "r": -15,
                    "rx": 11.736406499290768,
                    "ry": 1.2588190451025207
                },
                "1,10\n\n\n0,0"
            ],
            [
                {
                    "r": 15,
                    "rx": 5.479519326998302,
                    "ry": 1.5176380902050415
                },
                "1,4\n\n\n0,0"
            ],
            [
                {
                    "r": -15,
                    "rx": 10.770480673001698,
                    "ry": 1.5176380902050415
                },
                "1,9\n\n\n0,0"
            ],
            [
                {
                    "r": 15,
                    "rx": 6.44544515328737,
                    "ry": 1.7764571353075622
                },
                "1,5\n\n\n0,0"
            ],
            [
                {
                    "r": -15,
                    "rx": 9.80455484671263,
                    "ry": 1.7764571353075622
                },
                "1,8\n\n\n0,0"
            ],
            [
                {
                    "r": 15,
                    "rx": 3.297667674420164,
                    "ry": 2
                },
                "2,2\n\n\n0,0"
            ],
            [
                {
                    "r": -15,
                    "rx": 8.838629020423562,
                    "ry": 2.035276180410083
                },
                "1,7\n\n\n0,0"
            ],
            [
                {
                    "r": 15,
                    "rx": 4.2635935007092325,
                    "ry": 2.2588190451025207
                },
                "2,3\n\n\n0,0"
            ],
            [
                {
                    "r": -15,
                    "rx": 11.986406499290768,
                    "ry": 2.2588190451025207
                },
                "2,10\n\n\n0,0"
            ],
            [
                {
                    "r": 15,
                    "rx": 5.229519326998302,
                    "ry": 2.5176380902050415
                },
                "2,4\n\n\n0,0"
            ],
            [
                {
                    "r": -15,
                    "rx": 11.020480673001698,
                    "ry": 2.5176380902050415
                },
                "2,9\n\n\n0,0"
            ],
            [
                {
                    "r": 15,
                    "rx": 6.19544515328737,
                    "ry": 2.776457135307562
                },
                "2,5\n\n\n0,0"
            ],
            [
                {
                    "r": -15,
                    "rx": 10.05455484671263,
                    "ry": 2.776457135307562
                },
                "2,8\n\n\n0,0"
            ],
            [
                {
                    "r": 15,
                    "rx": 3.0476676744201647,
                    "ry": 3
                },
                "3,2\n\n\n0,0"
            ],
            [
                {
                    "r": -15,
                    "rx": 9.088629020423562,
                    "ry": 3.035276180410083
                },
                "2,7\n\n\n0,0"
            ],
            [
                {
                    "r": -15,